"Common butterfly",1
"Yellow butterfly",2
"Tiger butterfly",3
"Peacock butterfly",4
"Common bluebottle",5
"Paper kite butterfly",6
"Great purple emperor",7
"Monarch butterfly",8
"Emperor butterfly",9
"Agrias butterfly",10
"Rajah Brooke's birdwing",11
"Queen Alexandra's birdwing",12
Moth,13
"Atlas moth",14
"Madagascan sunset moth",15
"Long locust",16
"Migratory locust",17
"Rice grasshopper",18
Grasshopper,19
Cricket,20
"Bell cricket",21
Mantis,22
"Orchid mantis",23
Honeybee,24
Wasp,25
"Brown cicada",26
"Robust cicada",27
"Giant cicada",28
"Walker cicada",29
"Evening cicada",30
"Cicada shell",31
"Red dragonfly",32
"Darner dragonfly",33
"Banded dragonfly",34
Damselfly,35
Firefly,36
"Mole cricket",37
Pondskater,38
"Diving beetle",39
"Giant water bug",40
Stinkbug,41
"Man-faced stink bug",42
Ladybug,43
"Tiger beetle",44
"Jewel beetle",45
"Violin beetle",46
"Citrus long-horned beetle",47
"Rosalia batesi beetle",48
"Blue weevil beetle",49
"Dung beetle",50
"Earth-boring dung beetle",51
"Scarab beetle",52
"Drone beetle",53
"Goliath beetle",54
"Saw stag",55
"Miyama stag",56
"Giant stag",57
"Rainbow stag",58
"Cyclommatus stag",59
"Golden stag",60
"Giraffe stag",61
"Horned dynastid",62
"Horned atlas",63
"Horned elephant",64
"Horned hercules",65
"Walking stick",66
"Walking leaf",67
Bagworm,68
Ant,69
"Hermit crab",70
"Wharf roach",71
Fly,72
Mosquito,73
Flea,74
Snail,75
"Pill bug",76
Centipede,77
Spider,78
Tarantula,79
Scorpion,80
"Acorn pochette",81
"Apple dress",82
"Apple hat",83
"Apple umbrella",84
"Armor shoes",85
"Bamboo hat",86
"Basket pack",87
"Blue rose crown",88
"Bunny Day bag",89
"Bunny Day crown",90
"Cherry-blossom pochette",91
"Cherry-blossom umbrella",92
"Cherry dress",93
"Cherry hat",94
"Cherry umbrella",95
"Chic mum crown",96
"Chic rose crown",97
"Chic tulip crown",98
"Cool pansy crown",99
"Cool hyacinth crown",100
"Cool windflower crown",101
"Cosmos crown",102
"Cute lily crown",103
"Cute rose crown",104
"Dark cosmos crown",105
"Dark lily crown",106
"Dark tulip crown",107
"Earth-egg outfit",108
"Earth-egg shell",109
"Earth-egg shoes",110
"Egg party dress",111
"Egg party hat",112
"Gold armor",113
"Gold-armor shoes",114
"Gold helmet",115
"Gold rose crown",116
"Grass skirt",117
"Green grass skirt",118
"Hyacinth crown",119
"Iron armor",120
"Knight's helmet",121
"Knitted-grass backpack",122
Leaf,123
"Leaf mask",124
"Leaf umbrella",125
"Leaf-egg outfit",126
"Leaf-egg shell",127
"Leaf-egg shoes",128
"Lily crown",129
"Log pack",130
"Lovely cosmos crown",131
"Maple-leaf pochette",132
"Maple-leaf umbrella",133
"Mum crown",134
"Mush umbrella",135
"Orange dress",136
"Orange hat",137
"Orange umbrella",138
"Pansy crown",139
"Peach dress",140
"Peach hat",141
"Peach umbrella",142
"Pear dress",143
"Pear hat",144
"Pear umbrella",145
"Purple hyacinth crown",146
"Purple pansy crown",147
"Purple windflower crown",148
"Recycled boots",149
"Rose crown",150
"Shellfish pochette",151
"Simple mum crown",152
"Sky-egg outfit",153
"Sky-egg shell",154
"Sky-egg shoes",155
"Snowflake pochette",156
"Snowperson head",157
"Star head",158
"Star pochette",159
"Straw umbrella hat",160
"Stone-egg outfit",161
"Stone-egg shell",162
"Stone-egg shoes",163
"Traditional straw coat",164
"Tulip crown",165
"Water-egg outfit",166
"Water-egg shell",167
"Water-egg shoes",168
"Windflower crown",169
"Wood-egg outfit",170
"Wood-egg shell",171
"Wood-egg shoes",172
Bitterling,173
"Pale chub",174
"Crucian carp",175
Dace,176
Carp,177
Koi,178
Goldfish,179
"Pop-eyed goldfish",180
"Ranchu goldfish",181
Killifish,182
Crawfish,183
"Soft-shelled turtle",184
"Snapping Turtle",185
Tadpole,186
Frog,187
"Freshwater goby",188
Loach,189
Catfish,190
"Giant snakehead",191
Bluegill,192
"Yellow perch",193
"Black bass",194
Tilapia,195
Pike,196
"Pond smelt",197
Sweetfish,198
"Cherry salmon",199
Char,200
"Golden trout",201
Stringfish,202
Salmon,203
"King salmon",204
"Mitten crab",205
Guppy,206
"Nibble fish",207
Angelfish,208
Betta,209
"Neon tetra",210
Rainbowfish,211
Piranha,212
Arowana,213
Dorado,214
Gar,215
Arapaima,216
"Saddled bichir",217
Sturgeon,218
"Sea butterfly",219
"Sea horse",220
"Clown fish",221
Surgeonfish,222
"Butterfly fish",223
Napoleonfish,224
"Zebra turkeyfish",225
Blowfish,226
"Puffer fish",227
Anchovy,228
"Horse mackerel",229
"Barred knifejaw",230
"Sea bass",231
"Red snapper",232
Dab,233
"Olive flounder",234
Squid,235
"Moray eel",236
"Ribbon eel",237
Tuna,238
"Blue marlin",239
"Giant trevally",240
Mahi-mahi,241
"Ocean sunfish",242
Ray,243
"Saw shark",244
"Hammerhead shark",245
"Great white shark",246
"Whale shark",247
Suckerfish,248
"Football fish",249
Oarfish,250
Barreleye,251
Coelacanth,252
Acanthostega,253
Amber,254
Ammonite,255
Anomalocaris,256
Archaeopteryx,257
Australopith,258
Coprolite,259
"Dinosaur track",260
Dunkleosteus,261
Eusthenopteron,262
Juramaia,263
Myllokunmingia,264
"Shark-tooth pattern",265
Trilobite,266
"Ankylo skull",267
"Ankylo torso",268
"Ankylo tail",269
"Archelon skull",270
"Archelon tail",271
"Brachio skull",272
"Brachio chest",273
"Brachio pelvis",274
"Brachio tail",275
"Deinony torso",276
"Deinony tail",277
"Dimetrodon skull",278
"Dimetrodon torso",279
"Diplo skull",280
"Diplo neck",281
"Diplo chest",282
"Diplo pelvis",283
"Diplo tail",284
"Diplo tail tip",285
"Iguanodon skull",286
"Iguanodon torso",287
"Iguanodon tail",288
"Mammoth skull",289
"Mammoth torso",290
"Megacero skull",291
"Megacero torso",292
"Megacero tail",293
"Left megalo side",294
"Right megalo side",295
"Ophthalmo skull",296
"Ophthalmo torso",297
"Pachysaurus skull",298
"Pachysaurus tail",299
"Parasaur skull",300
"Parasaur torso",301
"Parasaur tail",302
"Plesio skull",303
"Plesio tail",304
"Plesio body",305
"Right ptera wing",306
"Ptera body",307
"Left ptera wing",308
"Right quetzal wing",309
"Quetzal torso",310
"Left quetzal wing",311
"Sabertooth skull",312
"Sabertooth tail",313
"Spino skull",314
"Spino torso",315
"Spino tail",316
"Stego skull",317
"Stego torso",318
"Stego tail",319
"Tricera skull",320
"Tricera torso",321
"Tricera tail",322
"T. rex skull",323
"T. rex torso",324
"T. rex tail",325
"Acoustic guitar",326
"Angled signpost",327
"Apple chair",328
"Aquarius urn",329
"Aries rocking chair",330
Asteroid,331
"Astronaut suit",332
"Bamboo basket",333
"Bamboo bench",334
"Bamboo doll",335
"Bamboo floor lamp",336
"Bamboo noodle slide",337
"Bamboo partition",338
"Bamboo shelf",339
"Bamboo speaker",340
"Bamboo stool",341
"Bamboo stopblock",342
Barbell,343
Barrel,344
"Beekeeper's hive",345
"Big festive tree",346
Birdbath,347
Birdcage,348
Birdhouse,349
"Blossom-viewing lantern",350
Bonfire,351
"Bonsai shelf",352
"Brick oven",353
"Brick well",354
"Bunny Day arch",355
"Bunny Day bed",356
"Bunny Day festive balloons",357
"Bunny Day merry balloons",358
"Bunny Day stool",359
"Bunny Day table",360
"Bunny Day vanity",361
"Bunny Day wardrobe",362
"Butter churn",363
Campfire,364
"Cancer table",365
"Capricorn ornament",366
"Cardboard bed",367
"Cardboard chair",368
"Cardboard sofa",369
"Cardboard table",370
"Cherry-blossom branches",371
"Cherry-blossom-petal pile",372
"Cherry-blossom pond stone",373
Clackercart,374
Clothesline,375
"Cosmos shower",376
"Crescent-moon chair",377
"Crewed spaceship",378
"Deer scare",379
"Destinations signpost",380
"DIY workbench",381
Doghouse,382
"Drinking fountain",383
"Festive tree",384
"Flat garden rock",385
"Flower stand",386
"Flying saucer",387
Fountain,388
"Frozen arch",389
"Frozen bed",390
"Frozen chair",391
"Frozen counter",392
"Frozen partition",393
"Frozen pillar",394
"Frozen sculpture",395
"Frozen table",396
"Frozen tree",397
"Garden bench",398
"Garden rock",399
"Garden wagon",400
"Gemini closet",401
"Giant teddy bear",402
"Golden casket",403
"Golden seat",404
"Golden toilet",405
Gong,406
"Grass standee",407
"Green-leaf pile",408
"Hay bed",409
Hearth,410
"Hedge standee",411
"Illuminated present",412
"Illuminated reindeer",413
"Illuminated snowflakes",414
"Illuminated tree",415
"Iron closet",416
"Iron frame",417
"Iron garden bench",418
"Iron garden chair",419
"Iron garden table",420
"Iron hanger stand",421
"Iron shelf",422
"Iron worktable",423
"Ironwood bed",424
"Ironwood cart",425
"Ironwood chair",426
"Ironwood cupboard",427
"Ironwood DIY workbench",428
"Ironwood dresser",429
"Ironwood kitchenette",430
"Ironwood low table",431
"Ironwood table",432
"Jail bars",433
"Juicy-apple TV",434
"Kettle bathtub",435
"Large cardboard boxes",436
"Leaf campfire",437
"Leaf stool",438
"Lily record player",439
"Log bed",440
"Log bench",441
"Log chair",442
"Log decorative shelves",443
"Log dining table",444
"Log extra-long sofa",445
"Log garden lounge",446
"Log round table",447
"Log stakes",448
"Log stool",449
"Lunar lander",450
"Lunar rover",451
"Manhole cover",452
"Maple-leaf pond stone",453
"Medium cardboard boxes",454
"Mini DIY workbench",455
Moon,456
"Mossy garden rock",457
"Mountain standee",458
"Mum cushion",459
"Mush lamp",460
"Mush log",461
"Mush low stool",462
"Mush parasol",463
"Mush partition",464
"Mush table",465
"Music stand",466
"Natural garden chair",467
"Natural garden table",468
"Natural square table",469
"Oil-barrel bathtub",470
"Orange end table",471
"Outdoor bath",472
"Outdoor picnic set",473
"Palm-tree lamp",474
"Pansy table",475
"Peach chair",476
"Pear bed",477
"Pear wardrobe",478
"Pile of leaves",479
"Pile of zen cushions",480
"Pisces lamp",481
"Plain sink",482
"Plain wooden shop sign",483
"Pond stone",484
"Raccoon figurine",485
"Red-leaf pile",486
"Robot hero",487
Rocket,488
"Rocking chair",489
"Rocking horse",490
"Rose bed",491
Satellite,492
"Sauna heater",493
Scarecrow,494
"Scattered papers",495
"Shell arch",496
"Shell bed",497
"Shell fountain",498
"Shell partition",499
"Shell stool",500
"Shell table",501
Signpost,502
Silo,503
"Simple DIY workbench",504
"Simple well",505
Sleigh,506
"Small cardboard boxes",507
"Space shuttle",508
Stall,509
"Standard umbrella stand",510
"Stone arch",511
"Stone lion-dog",512
"Stone stool",513
"Stone table",514
"Stone tablet",515
"Street piano",516
"Swinging bench",517
"Tall garden rock",518
"Tall lantern",519
"Taurus bathtub",520
"Tea table",521
"Three-tiered snowperson",522
"Tiki torch",523
"Tiny library",524
"Tire stack",525
"Tire toy",526
"Tree standee",527
"Tree's bounty arch",528
"Tree's bounty big tree",529
"Trophy case",530
"Tulip surprise box",531
"Virgo harp",532
"Water pump",533
"Wave breaker",534
"Western-style stone",535
"Wild log bench",536
"Wooden-block bed",537
"Wooden-block bench",538
"Wooden-block bookshelf",539
"Wooden-block chair",540
"Wooden-block chest",541
"Wooden-block stereo",542
"Wooden-block stool",543
"Wooden-block table",544
"Wooden bookshelf",545
"Wooden bucket",546
"Wooden chair",547
"Wooden chest",548
"Wooden double bed",549
"Wooden end table",550
"Wooden full-length mirror",551
"Wooden low table",552
"Wooden mini table",553
"Wooden simple bed",554
"Wooden stool",555
"Wooden table",556
"Wooden wardrobe",557
"Wooden waste bin",558
"Yellow-leaf pile",559
"Zen-style stone",560
"Aroma pot",561
"Bamboo candleholder",562
"Bamboo drum",563
"Bamboo lunch box",564
"Bamboo-shoot lamp",565
"Bamboo sphere",566
"Bunny Day lamp",567
"Cherry-blossom bonsai",568
"Cherry speakers",569
"Classic pitcher",570
"Coconut juice",571
"Cutting board",572
"Decoy duck",573
"Document stack",574
"Festive top set",575
Firewood,576
"Frozen-treat set",577
"Fruit basket",578
"Frying pan",579
"Gold bars",580
"Golden arowana model",581
"Golden candlestick",582
"Golden dishes",583
"Golden dung beetle",584
"Holiday candle",585
"Hyacinth lamp",586
"Infused-water dispenser",587
Kettlebell,588
"Libra scale",589
"Lucky gold cat",590
"Magazine rack",591
Matryoshka,592
"Modeling clay",593
"Nova light",594
"Old-fashioned washtub",595
"Peach surprise box",596
"Pine bonsai tree",597
Pot,598
"Recycled-can thumb piano",599
Ringtoss,600
"Scorpio lamp",601
"Shell lamp",602
"Shell speaker",603
"Stack of books",604
"Stacked magazines",605
"Star clock",606
"Steamer-basket set",607
"Succulent plant",608
"Tabletop festive tree",609
Terrarium,610
"Traditional balancing toy",611
"Trash bags",612
"Tree's bounty lamp",613
"Tree's bounty little tree",614
Ukulele,615
"Unglazed dish set",616
"Windflower fan",617
"Wobbling Zipper toy",618
"Wooden-block toy",619
"Wooden fish",620
"Wooden table mirror",621
"Wooden toolbox",622
"Bamboo lattice fence",623
"Barbed-wire fence",624
"Brick Fence",625
"Bunny Day fence",626
"Corral fence",627
"Country fence",628
Hedge,629
"Imperial fence",630
"Iron-and-stone fence",631
"Iron fence",632
"Fish bait",633
"Lattice fence",634
Medicine,635
Ocarina,636
"Pan flute",637
"Pitfall seed",638
"Rope Fence",639
"Simple wooden fence",640
"Spiky fence",641
"Stone fence",642
"Straw fence",643
"Vertical-board fence",644
"Wedding fence",645
"Zen fence",646
"Flimsy axe",647
"Stone axe",648
Axe,649
"Golden axe",650
"Flimsy shovel",651
Shovel,652
"Golden shovel",653
"Flimsy fishing rod",654
"Fishing rod",655
"Golden rod",656
"Flimsy net",657
Net,658
"Golden net",659
"Flimsy watering can",660
"Watering can",661
"Golden watering can",662
Slingshot,663
"Golden slingshot",664
"Vaulting pole",665
Ladder,666
"Star wand",667
"Bamboo wand",668
"Mushroom wand",669
"Cherry-blossom wand",670
"Bunny Day wand",671
"Cosmos wand",672
"Hyacinth wand",673
"Lily wand",674
"Mums wand",675
"Pansy Wand",676
"Rose wand",677
"Tulip wand",678
"Windflower wand",679
"Shell wand",680
"Ice wand",681
"Golden wand",682
Wand,683
"Tree-branch wand",684
"Iron wand",685
"Wedding wand",686
"Bamboo wall decoration",687
"Blue rose wreath",688
"Bone doorplate",689
Boomerang,690
"Bunny Day glowy garland",691
"Bunny Day wall clock",692
"Bunny Day wreath",693
"Cherry lamp",694
"Cherry-blossom clock",695
"Chic cosmos wreath",696
"Chic windflower wreath",697
"Coconut wall planter",698
"Cool hyacinth wreath",699
"Cool pansy wreath",700
"Cool windflower wreath",701
"Cosmos wreath",702
"Crest doorplate",703
"Dark lily wreath",704
"Dark rose wreath",705
"Dark tulip wreath",706
"Deer decoration",707
"Fancy mum wreath",708
"Fancy lily wreath",709
"Fancy rose wreath",710
"Floral swag",711
"Fossil doorplate",712
"Fruit wreath",713
"Gold rose wreath",714
"Golden gears",715
"Hanging terrarium",716
"Hyacinth wreath",717
"Iron doorplate",718
"Iron wall lamp",719
"Iron wall rack",720
"Ironwood clock",721
"Key holder",722
"Leo sculpture",723
"Lily wreath",724
"Log wall-mounted clock",725
"Mum wreath",726
"Mushroom wreath",727
"Natural mum wreath",728
"Orange wall-mounted clock",729
"Ornament mobile",730
"Ornament wreath",731
"Pansy wreath",732
"Paw-print doorplate",733
"Potted ivy",734
"Pretty cosmos wreath",735
"Pretty tulip wreath",736
"Purple hyacinth wreath",737
"Rose wreath",738
"Sagittarius arrow",739
"Shell wreath",740
"Snazzy pansy wreath",741
"Snowflake wreath",742
"Starry garland",743
"Timber doorplate",744
"Tree's bounty mobile",745
"Tree branch wreath",746
"Tulip wreath",747
"Windflower wreath",748
"Wooden-block wall clock",749
"Wooden-plank sign",750
"Apple rug",751
"Apple wall",752
"Autumn wall",753
"Backyard lawn",754
"Bamboo flooring",755
"Bamboo wall",756
"Bamboo-grove wall",757
"Basement flooring",758
"Brown herringbone wall",759
"Bunny Day flooring",760
"Bunny Day rug",761
"Bunny Day wall",762
"Cabin wall",763
"Cherry rug",764
"Cherry wall",765
"Cherry-blossom flooring",766
"Cherry-blossom-trees wall",767
"Chocolate herringbone wall",768
"Classic-library wall",769
"Colored-leaves flooring",770
"Dark bamboo rug",771
"Dark wooden-mosaic wall",772
"Forest flooring",773
"Forest wall",774
"Galaxy flooring",775
"Garbage-heap flooring",776
"Garbage-heap wall",777
"Golden flooring",778
"Golden wall",779
"Gold-screen wall",780
"Honeycomb flooring",781
"Honeycomb wall",782
"Ice flooring",783
"Ice wall",784
"Iceberg flooring",785
"Iceberg wall",786
"Jingle wall",787
"Jungle flooring",788
"Jungle wall",789
"Light bamboo rug",790
"Lunar surface",791
"Manga-library wall",792
"Modern wood wall",793
"Money flooring",794
"Mush wall",795
"Orange rug",796
"Orange wall",797
"Peach rug",798
"Peach wall",799
"Pear rug",800
"Pear wall",801
"Rustic-stone wall",802
"Sakura-wood flooring",803
"Sakura-wood wall",804
"Sandy-beach flooring",805
"Sci-fi flooring",806
"Sci-fi wall",807
"Shell rug",808
"Ski-slope flooring",809
"Ski-slope wall",810
"Snowflake wall",811
"Stacked-wood wall",812
"Starry wall",813
"Starry-sands flooring",814
"Starry-sky wall",815
"Steel flooring",816
"Steel-frame wall",817
"Stone wall",818
"Tropical Vista",819
"Underwater flooring",820
"Underwater wall",821
"Water flooring",822
"Wild-wood wall",823
"Wooden-knot wall",824
"Wooden-mosaic wall",825
"Woodland wall",826
